{
  "project_info": {
    "project_number": "847226872376",
    "project_id": "instaclonejava-fc263",
    "storage_bucket": "instaclonejava-fc263.appspot.com"
  },
  "client": [
    {
      "client_info": {
        "mobilesdk_app_id": "1:847226872376:android:eeca46d9c5ec4fad517ccd",
        "android_client_info": {
          "package_name": "com.tibetcigdem.instaclone"
        }
      },
      "oauth_client": [
        {
          "client_id": "847226872376-e7lr4qpqbt2ocq262ot22us42n1ov9eh.apps.googleusercontent.com",
          "client_type": 3
        }
      ],
      "api_key": [
        {
          "current_key": "AIzaSyCvq6_bP1ZlZ8G4hxWPOyEGaO-W5gFV3W0"
        }
      ],
      "services": {
        "appinvite_service": {
          "other_platform_oauth_client": [
            {
              "client_id": "847226872376-e7lr4qpqbt2ocq262ot22us42n1ov9eh.apps.googleusercontent.com",
              "client_type": 3
            }
          ]
        }
      }
    }
  ],
  "configuration_version": "1"
}